Sat Nov 07 17:11:44 EST 2020,1786
Sat Nov 07 17:11:45 EST 2020,577
Sat Nov 07 17:11:45 EST 2020,489
Sat Nov 07 17:11:46 EST 2020,461
Sat Nov 07 17:11:46 EST 2020,419
Sat Nov 07 17:11:47 EST 2020,408
Sat Nov 07 17:11:47 EST 2020,390
Sat Nov 07 17:11:47 EST 2020,379
Sat Nov 07 17:11:48 EST 2020,408
Sat Nov 07 17:11:48 EST 2020,382
Sat Nov 07 17:11:49 EST 2020,395
Sat Nov 07 17:11:49 EST 2020,483
Sat Nov 07 17:11:50 EST 2020,1008
Sat Nov 07 17:11:51 EST 2020,677
Sat Nov 07 17:11:52 EST 2020,710
Sat Nov 07 17:11:52 EST 2020,481
Sat Nov 07 17:11:53 EST 2020,602
Sat Nov 07 17:11:53 EST 2020,496
Sat Nov 07 17:11:54 EST 2020,389
Sat Nov 07 17:11:54 EST 2020,539
Sat Nov 07 17:11:55 EST 2020,425
Sat Nov 07 17:11:55 EST 2020,369
Sat Nov 07 17:11:56 EST 2020,402
Sat Nov 07 17:11:56 EST 2020,467
Sat Nov 07 17:11:57 EST 2020,500
Sat Nov 07 17:11:57 EST 2020,367
Sat Nov 07 17:11:58 EST 2020,387
Sat Nov 07 17:11:58 EST 2020,370
Sat Nov 07 17:11:58 EST 2020,421
Sat Nov 07 17:11:59 EST 2020,368
Sat Nov 07 17:11:59 EST 2020,377
Sat Nov 07 17:12:00 EST 2020,372
Sat Nov 07 17:12:00 EST 2020,399
Sat Nov 07 17:12:01 EST 2020,385
Sat Nov 07 17:12:01 EST 2020,398
Sat Nov 07 17:12:01 EST 2020,375
Sat Nov 07 17:12:02 EST 2020,513
Sat Nov 07 17:12:02 EST 2020,369
Sat Nov 07 17:12:03 EST 2020,390
Sat Nov 07 17:12:03 EST 2020,382
Sat Nov 07 17:12:04 EST 2020,568
Sat Nov 07 17:12:04 EST 2020,378
Sat Nov 07 17:12:05 EST 2020,398
Sat Nov 07 17:12:05 EST 2020,489
Sat Nov 07 17:12:06 EST 2020,508
Sat Nov 07 17:12:06 EST 2020,480
Sat Nov 07 17:12:07 EST 2020,382
Sat Nov 07 17:12:07 EST 2020,398
Sat Nov 07 17:12:07 EST 2020,405
Sat Nov 07 17:12:08 EST 2020,384
Sat Nov 07 17:12:08 EST 2020,390
Sat Nov 07 17:12:09 EST 2020,377
Sat Nov 07 17:12:09 EST 2020,521
Sat Nov 07 17:12:10 EST 2020,479
Sat Nov 07 17:12:10 EST 2020,390
Sat Nov 07 17:12:11 EST 2020,483
Sat Nov 07 17:12:11 EST 2020,624
Sat Nov 07 17:12:12 EST 2020,387
Sat Nov 07 17:12:12 EST 2020,387
Sat Nov 07 17:12:13 EST 2020,381
Sat Nov 07 17:12:13 EST 2020,403
Sat Nov 07 17:12:14 EST 2020,382
Sat Nov 07 17:12:14 EST 2020,388
Sat Nov 07 17:12:14 EST 2020,377
Sat Nov 07 17:12:15 EST 2020,523
Sat Nov 07 17:12:15 EST 2020,384
Sat Nov 07 17:12:16 EST 2020,385
Sat Nov 07 17:12:16 EST 2020,378
Sat Nov 07 17:12:17 EST 2020,399
Sat Nov 07 17:12:17 EST 2020,506
Sat Nov 07 17:12:18 EST 2020,491
Sat Nov 07 17:12:18 EST 2020,496
Sat Nov 07 17:12:19 EST 2020,609
Sat Nov 07 17:12:19 EST 2020,481
Sat Nov 07 17:12:20 EST 2020,595
Sat Nov 07 17:12:21 EST 2020,582
Sat Nov 07 17:12:21 EST 2020,604
Sat Nov 07 17:12:22 EST 2020,497
Sat Nov 07 17:12:22 EST 2020,591
Sat Nov 07 17:12:23 EST 2020,576
Sat Nov 07 17:12:24 EST 2020,608
Sat Nov 07 17:12:24 EST 2020,584
Sat Nov 07 17:12:25 EST 2020,593
Sat Nov 07 17:12:25 EST 2020,479
Sat Nov 07 17:12:26 EST 2020,625
Sat Nov 07 17:12:27 EST 2020,483
Sat Nov 07 17:12:27 EST 2020,488
Sat Nov 07 17:12:28 EST 2020,480
Sat Nov 07 17:12:28 EST 2020,495
Sat Nov 07 17:12:29 EST 2020,470
Sat Nov 07 17:12:29 EST 2020,477
Sat Nov 07 17:12:30 EST 2020,470
Sat Nov 07 17:12:30 EST 2020,500
Sat Nov 07 17:12:31 EST 2020,477
Sat Nov 07 17:12:31 EST 2020,491
Sat Nov 07 17:12:32 EST 2020,474
Sat Nov 07 17:12:32 EST 2020,596
Sat Nov 07 17:12:33 EST 2020,466
Sat Nov 07 17:12:33 EST 2020,481
Sat Nov 07 17:12:34 EST 2020,467
Sat Nov 07 17:12:35 EST 2020,613
Sat Nov 07 17:12:35 EST 2020,589
Sat Nov 07 17:12:36 EST 2020,599
Sat Nov 07 17:12:36 EST 2020,584
Sat Nov 07 17:12:37 EST 2020,610
Sat Nov 07 17:12:38 EST 2020,599
Sat Nov 07 17:12:39 EST 2020,788
Sat Nov 07 17:12:39 EST 2020,799
Sat Nov 07 17:12:40 EST 2020,704
Sat Nov 07 17:12:41 EST 2020,669
Sat Nov 07 17:12:42 EST 2020,672
Sat Nov 07 17:12:42 EST 2020,575
Sat Nov 07 17:12:43 EST 2020,604
Sat Nov 07 17:12:43 EST 2020,567
Sat Nov 07 17:12:44 EST 2020,589
Sat Nov 07 17:12:45 EST 2020,566
Sat Nov 07 17:12:45 EST 2020,694
Sat Nov 07 17:12:46 EST 2020,569
Sat Nov 07 17:12:47 EST 2020,677
Sat Nov 07 17:12:47 EST 2020,575
Sat Nov 07 17:12:48 EST 2020,685
Sat Nov 07 17:12:49 EST 2020,565
Sat Nov 07 17:12:49 EST 2020,594
Sat Nov 07 17:12:50 EST 2020,582
Sat Nov 07 17:12:51 EST 2020,695
Sat Nov 07 17:12:51 EST 2020,567
Sat Nov 07 17:12:52 EST 2020,705
Sat Nov 07 17:12:53 EST 2020,826
Sat Nov 07 17:12:54 EST 2020,709
Sat Nov 07 17:12:54 EST 2020,684
Sat Nov 07 17:12:55 EST 2020,693
Sat Nov 07 17:12:56 EST 2020,684
Sat Nov 07 17:12:57 EST 2020,800
Sat Nov 07 17:12:57 EST 2020,564
Sat Nov 07 17:12:58 EST 2020,676
Sat Nov 07 17:12:59 EST 2020,670
Sat Nov 07 17:12:59 EST 2020,591
Sat Nov 07 17:13:00 EST 2020,685
Sat Nov 07 17:13:01 EST 2020,802
Sat Nov 07 17:13:02 EST 2020,791
Sat Nov 07 17:13:02 EST 2020,806
Sat Nov 07 17:13:03 EST 2020,870
Sat Nov 07 17:13:04 EST 2020,888
Sat Nov 07 17:13:05 EST 2020,667
Sat Nov 07 17:13:06 EST 2020,696
Sat Nov 07 17:13:06 EST 2020,571
Sat Nov 07 17:13:07 EST 2020,672
Sat Nov 07 17:13:08 EST 2020,567
Sat Nov 07 17:13:08 EST 2020,603
Sat Nov 07 17:13:09 EST 2020,566
Sat Nov 07 17:13:09 EST 2020,591
Sat Nov 07 17:13:10 EST 2020,663
Sat Nov 07 17:13:11 EST 2020,811
Sat Nov 07 17:13:12 EST 2020,787
Sat Nov 07 17:13:13 EST 2020,673
Sat Nov 07 17:13:13 EST 2020,690
Sat Nov 07 17:13:14 EST 2020,899
Sat Nov 07 17:13:15 EST 2020,776
Sat Nov 07 17:13:16 EST 2020,782
Sat Nov 07 17:13:17 EST 2020,682
Sat Nov 07 17:13:17 EST 2020,818
Sat Nov 07 17:13:18 EST 2020,896
Sat Nov 07 17:13:19 EST 2020,906
Sat Nov 07 17:13:20 EST 2020,867
Sat Nov 07 17:13:21 EST 2020,802
Sat Nov 07 17:13:22 EST 2020,885
Sat Nov 07 17:13:23 EST 2020,1023
Sat Nov 07 17:13:24 EST 2020,1070
Sat Nov 07 17:13:25 EST 2020,990
Sat Nov 07 17:13:26 EST 2020,1125
Sat Nov 07 17:13:28 EST 2020,1441
Sat Nov 07 17:13:29 EST 2020,1487
Sat Nov 07 17:13:31 EST 2020,1422
Sat Nov 07 17:13:32 EST 2020,1337
Sat Nov 07 17:13:34 EST 2020,1489
Sat Nov 07 17:13:35 EST 2020,1466
Sat Nov 07 17:13:37 EST 2020,1512
Sat Nov 07 17:13:38 EST 2020,1406
Sat Nov 07 17:13:40 EST 2020,1321
Sat Nov 07 17:13:41 EST 2020,1093
Sat Nov 07 17:13:42 EST 2020,1019
Sat Nov 07 17:13:43 EST 2020,966
Sat Nov 07 17:13:44 EST 2020,798
Sat Nov 07 17:13:44 EST 2020,791
Sat Nov 07 17:13:45 EST 2020,596
Sat Nov 07 17:13:46 EST 2020,570
Sat Nov 07 17:13:46 EST 2020,576
Sat Nov 07 17:13:47 EST 2020,663
Sat Nov 07 17:13:47 EST 2020,519
Sat Nov 07 17:13:48 EST 2020,577
Sat Nov 07 17:13:49 EST 2020,720
Sat Nov 07 17:13:49 EST 2020,571
Sat Nov 07 17:13:50 EST 2020,636
Sat Nov 07 17:13:51 EST 2020,467
Sat Nov 07 17:13:51 EST 2020,483
Sat Nov 07 17:13:52 EST 2020,382
Sat Nov 07 17:13:52 EST 2020,401
Sat Nov 07 17:13:52 EST 2020,378
Sat Nov 07 17:13:53 EST 2020,594
Sat Nov 07 17:13:54 EST 2020,580
Sat Nov 07 17:13:54 EST 2020,509
Sat Nov 07 17:13:55 EST 2020,593
Sat Nov 07 17:13:56 EST 2020,702
Sat Nov 07 17:13:56 EST 2020,584
Sat Nov 07 17:13:57 EST 2020,722
Sat Nov 07 17:13:58 EST 2020,572
Sat Nov 07 17:13:58 EST 2020,713
Sat Nov 07 17:13:59 EST 2020,802
Sat Nov 07 17:14:00 EST 2020,696
Sat Nov 07 17:14:00 EST 2020,585
Sat Nov 07 17:14:01 EST 2020,682
Sat Nov 07 17:14:02 EST 2020,772
Sat Nov 07 17:14:03 EST 2020,828
Sat Nov 07 17:14:03 EST 2020,578
Sat Nov 07 17:14:04 EST 2020,736
Sat Nov 07 17:14:05 EST 2020,584
Sat Nov 07 17:14:06 EST 2020,699
Sat Nov 07 17:14:06 EST 2020,581
Sat Nov 07 17:14:07 EST 2020,695
Sat Nov 07 17:14:08 EST 2020,580
Sat Nov 07 17:14:08 EST 2020,649
Sat Nov 07 17:14:09 EST 2020,892
Sat Nov 07 17:14:10 EST 2020,918
Sat Nov 07 17:14:11 EST 2020,1105
Sat Nov 07 17:14:12 EST 2020,1036
Sat Nov 07 17:14:14 EST 2020,1116
Sat Nov 07 17:14:15 EST 2020,1104
Sat Nov 07 17:14:16 EST 2020,1083
Sat Nov 07 17:14:17 EST 2020,1011
Sat Nov 07 17:14:18 EST 2020,970
Sat Nov 07 17:14:19 EST 2020,1003
Sat Nov 07 17:14:20 EST 2020,1104
Sat Nov 07 17:14:21 EST 2020,1313
Sat Nov 07 17:14:22 EST 2020,1095
Sat Nov 07 17:14:24 EST 2020,1099
Sat Nov 07 17:14:25 EST 2020,1295
Sat Nov 07 17:14:26 EST 2020,1313
Sat Nov 07 17:14:28 EST 2020,1377
Sat Nov 07 17:14:29 EST 2020,1301
Sat Nov 07 17:14:31 EST 2020,1412
Sat Nov 07 17:14:32 EST 2020,1144
Sat Nov 07 17:14:33 EST 2020,1102
Sat Nov 07 17:14:34 EST 2020,1186
Sat Nov 07 17:14:35 EST 2020,1171
Sat Nov 07 17:14:36 EST 2020,1123
Sat Nov 07 17:14:38 EST 2020,1034
Sat Nov 07 17:14:38 EST 2020,908
Sat Nov 07 17:14:39 EST 2020,775
Sat Nov 07 17:14:40 EST 2020,898
Sat Nov 07 17:14:41 EST 2020,794
Sat Nov 07 17:14:42 EST 2020,722
Sat Nov 07 17:14:43 EST 2020,786
Sat Nov 07 17:14:43 EST 2020,806
Sat Nov 07 17:14:44 EST 2020,788
Sat Nov 07 17:14:45 EST 2020,968
Sat Nov 07 17:14:46 EST 2020,921
Sat Nov 07 17:14:47 EST 2020,944
Sat Nov 07 17:14:48 EST 2020,1105
Sat Nov 07 17:14:50 EST 2020,1109
Sat Nov 07 17:14:51 EST 2020,1104
Sat Nov 07 17:14:52 EST 2020,1027
Sat Nov 07 17:14:53 EST 2020,1099
Sat Nov 07 17:14:54 EST 2020,1008
Sat Nov 07 17:14:55 EST 2020,978
Sat Nov 07 17:14:56 EST 2020,1109
Sat Nov 07 17:14:57 EST 2020,1005
Sat Nov 07 17:14:58 EST 2020,1109
Sat Nov 07 17:14:59 EST 2020,929
Sat Nov 07 17:15:00 EST 2020,1054
Sat Nov 07 17:15:01 EST 2020,877
Sat Nov 07 17:15:02 EST 2020,835
Sat Nov 07 17:15:03 EST 2020,876
Sat Nov 07 17:15:04 EST 2020,943
Sat Nov 07 17:15:05 EST 2020,645
Sat Nov 07 17:15:05 EST 2020,601
Sat Nov 07 17:15:06 EST 2020,588
Sat Nov 07 17:15:07 EST 2020,696
Sat Nov 07 17:15:07 EST 2020,472
Sat Nov 07 17:15:08 EST 2020,578
Sat Nov 07 17:15:08 EST 2020,492
Sat Nov 07 17:15:09 EST 2020,512
Sat Nov 07 17:15:10 EST 2020,673
Sat Nov 07 17:15:10 EST 2020,588
Sat Nov 07 17:15:11 EST 2020,679
Sat Nov 07 17:15:12 EST 2020,604
Sat Nov 07 17:15:12 EST 2020,574
Sat Nov 07 17:15:13 EST 2020,586
Sat Nov 07 17:15:13 EST 2020,605
Sat Nov 07 17:15:14 EST 2020,507
Sat Nov 07 17:15:15 EST 2020,576
Sat Nov 07 17:15:15 EST 2020,594
Sat Nov 07 17:15:16 EST 2020,493
Sat Nov 07 17:15:16 EST 2020,607
Sat Nov 07 17:15:17 EST 2020,575
Sat Nov 07 17:15:18 EST 2020,583
Sat Nov 07 17:15:18 EST 2020,572
Sat Nov 07 17:15:19 EST 2020,601
Sat Nov 07 17:15:19 EST 2020,574
Sat Nov 07 17:15:20 EST 2020,595
Sat Nov 07 17:15:21 EST 2020,768
Sat Nov 07 17:15:22 EST 2020,719
Sat Nov 07 17:15:22 EST 2020,582
Sat Nov 07 17:15:23 EST 2020,707
Sat Nov 07 17:15:24 EST 2020,911
Sat Nov 07 17:15:25 EST 2020,1013
Sat Nov 07 17:15:26 EST 2020,895
Sat Nov 07 17:15:27 EST 2020,1103
Sat Nov 07 17:15:28 EST 2020,1190
Sat Nov 07 17:15:30 EST 2020,1224
Sat Nov 07 17:15:31 EST 2020,1117
Sat Nov 07 17:15:32 EST 2020,1004
Sat Nov 07 17:15:33 EST 2020,1098
Sat Nov 07 17:15:34 EST 2020,1108
Sat Nov 07 17:15:35 EST 2020,1098
Sat Nov 07 17:15:36 EST 2020,1102
Sat Nov 07 17:15:37 EST 2020,1117
Sat Nov 07 17:15:39 EST 2020,1422
Sat Nov 07 17:15:40 EST 2020,1194
Sat Nov 07 17:15:41 EST 2020,1104
Sat Nov 07 17:15:42 EST 2020,1100
Sat Nov 07 17:15:44 EST 2020,1136
Sat Nov 07 17:15:45 EST 2020,995
Sat Nov 07 17:15:46 EST 2020,1102
Sat Nov 07 17:15:47 EST 2020,998
Sat Nov 07 17:15:48 EST 2020,1121
Sat Nov 07 17:15:49 EST 2020,977
Sat Nov 07 17:15:50 EST 2020,993
Sat Nov 07 17:15:51 EST 2020,997
Sat Nov 07 17:15:52 EST 2020,903
Sat Nov 07 17:15:53 EST 2020,787
Sat Nov 07 17:15:54 EST 2020,706
Sat Nov 07 17:15:54 EST 2020,808
Sat Nov 07 17:15:56 EST 2020,1209
Sat Nov 07 17:15:57 EST 2020,895
Sat Nov 07 17:15:57 EST 2020,807
Sat Nov 07 17:15:58 EST 2020,795
Sat Nov 07 17:15:59 EST 2020,707
Sat Nov 07 17:16:00 EST 2020,801
Sat Nov 07 17:16:01 EST 2020,784
Sat Nov 07 17:16:01 EST 2020,676
Sat Nov 07 17:16:02 EST 2020,712
Sat Nov 07 17:16:03 EST 2020,687
Sat Nov 07 17:16:04 EST 2020,785
Sat Nov 07 17:16:04 EST 2020,677
Sat Nov 07 17:16:05 EST 2020,807
Sat Nov 07 17:16:06 EST 2020,896
Sat Nov 07 17:16:07 EST 2020,920
Sat Nov 07 17:16:08 EST 2020,886
Sat Nov 07 17:16:09 EST 2020,818
Sat Nov 07 17:16:10 EST 2020,688
Sat Nov 07 17:16:10 EST 2020,701
Sat Nov 07 17:16:11 EST 2020,686
Sat Nov 07 17:16:12 EST 2020,713
Sat Nov 07 17:16:13 EST 2020,808
Sat Nov 07 17:16:14 EST 2020,1008
Sat Nov 07 17:16:15 EST 2020,1108
Sat Nov 07 17:16:16 EST 2020,1235
Sat Nov 07 17:16:17 EST 2020,1077
Sat Nov 07 17:16:19 EST 2020,1841
Sat Nov 07 17:16:21 EST 2020,1400
Sat Nov 07 17:16:22 EST 2020,1432
Sat Nov 07 17:16:23 EST 2020,1302
Sat Nov 07 17:16:25 EST 2020,1808
Sat Nov 07 17:16:27 EST 2020,1716
Sat Nov 07 17:16:29 EST 2020,1731
Sat Nov 07 17:16:31 EST 2020,1704
Sat Nov 07 17:16:32 EST 2020,1613
Sat Nov 07 17:16:34 EST 2020,1600
Sat Nov 07 17:16:35 EST 2020,1471
Sat Nov 07 17:16:37 EST 2020,1300
Sat Nov 07 17:16:38 EST 2020,1105
Sat Nov 07 17:16:39 EST 2020,1004
Sat Nov 07 17:16:40 EST 2020,922
Sat Nov 07 17:16:41 EST 2020,688
Sat Nov 07 17:16:41 EST 2020,684
Sat Nov 07 17:16:42 EST 2020,674
Sat Nov 07 17:16:43 EST 2020,1228
Sat Nov 07 17:16:44 EST 2020,675
Sat Nov 07 17:16:45 EST 2020,595
Sat Nov 07 17:16:45 EST 2020,710
Sat Nov 07 17:16:46 EST 2020,599
Sat Nov 07 17:16:47 EST 2020,670
Sat Nov 07 17:16:47 EST 2020,693
Sat Nov 07 17:16:48 EST 2020,689
Sat Nov 07 17:16:49 EST 2020,597
Sat Nov 07 17:16:49 EST 2020,570
Sat Nov 07 17:16:50 EST 2020,583
Sat Nov 07 17:16:51 EST 2020,616
Sat Nov 07 17:16:51 EST 2020,702
Sat Nov 07 17:16:52 EST 2020,804
Sat Nov 07 17:16:53 EST 2020,719
Sat Nov 07 17:16:54 EST 2020,583
Sat Nov 07 17:16:54 EST 2020,616
Sat Nov 07 17:16:55 EST 2020,719
Sat Nov 07 17:16:56 EST 2020,589
Sat Nov 07 17:16:56 EST 2020,682
Sat Nov 07 17:16:57 EST 2020,828
Sat Nov 07 17:16:58 EST 2020,580
Sat Nov 07 17:16:59 EST 2020,591
Sat Nov 07 17:16:59 EST 2020,810
Sat Nov 07 17:17:00 EST 2020,928
Sat Nov 07 17:17:01 EST 2020,793
Sat Nov 07 17:17:02 EST 2020,720
Sat Nov 07 17:17:03 EST 2020,584
Sat Nov 07 17:17:03 EST 2020,614
Sat Nov 07 17:17:04 EST 2020,703
Sat Nov 07 17:17:05 EST 2020,591
Sat Nov 07 17:17:05 EST 2020,711
Sat Nov 07 17:17:07 EST 2020,1124
Sat Nov 07 17:17:08 EST 2020,1103
Sat Nov 07 17:17:09 EST 2020,913
Sat Nov 07 17:17:10 EST 2020,1001
Sat Nov 07 17:17:11 EST 2020,1056
Sat Nov 07 17:17:12 EST 2020,911
Sat Nov 07 17:17:13 EST 2020,913
Sat Nov 07 17:17:13 EST 2020,780
Sat Nov 07 17:17:15 EST 2020,1011
Sat Nov 07 17:17:16 EST 2020,1102
Sat Nov 07 17:17:17 EST 2020,1309
Sat Nov 07 17:17:18 EST 2020,1101
Sat Nov 07 17:17:19 EST 2020,915
Sat Nov 07 17:17:20 EST 2020,886
Sat Nov 07 17:17:21 EST 2020,810
Sat Nov 07 17:17:22 EST 2020,922
Sat Nov 07 17:17:23 EST 2020,1328
Sat Nov 07 17:17:24 EST 2020,1099
Sat Nov 07 17:17:26 EST 2020,1126
Sat Nov 07 17:17:27 EST 2020,995
Sat Nov 07 17:17:28 EST 2020,1130
Sat Nov 07 17:17:29 EST 2020,897
Sat Nov 07 17:17:30 EST 2020,981
Sat Nov 07 17:17:31 EST 2020,988
Sat Nov 07 17:17:32 EST 2020,1022
Sat Nov 07 17:17:33 EST 2020,995
Sat Nov 07 17:17:34 EST 2020,1100
Sat Nov 07 17:17:35 EST 2020,894
Sat Nov 07 17:17:36 EST 2020,1217
Sat Nov 07 17:17:37 EST 2020,1091
Sat Nov 07 17:17:38 EST 2020,1087
Sat Nov 07 17:17:40 EST 2020,1110
Sat Nov 07 17:17:41 EST 2020,1298
Sat Nov 07 17:17:42 EST 2020,1124
Sat Nov 07 17:17:43 EST 2020,1199
Sat Nov 07 17:17:44 EST 2020,1084
Sat Nov 07 17:17:46 EST 2020,1124
Sat Nov 07 17:17:47 EST 2020,1084
Sat Nov 07 17:17:48 EST 2020,1092
Sat Nov 07 17:17:49 EST 2020,1087
Sat Nov 07 17:17:50 EST 2020,1210
Sat Nov 07 17:17:51 EST 2020,968
Sat Nov 07 17:17:52 EST 2020,1002
Sat Nov 07 17:17:53 EST 2020,1080
Sat Nov 07 17:17:54 EST 2020,908
Sat Nov 07 17:17:55 EST 2020,981
Sat Nov 07 17:17:56 EST 2020,792
Sat Nov 07 17:17:57 EST 2020,763
Sat Nov 07 17:17:58 EST 2020,930
Sat Nov 07 17:17:59 EST 2020,571
Sat Nov 07 17:17:59 EST 2020,592
Sat Nov 07 17:18:00 EST 2020,671
Sat Nov 07 17:18:01 EST 2020,731
Sat Nov 07 17:18:01 EST 2020,681
Sat Nov 07 17:18:02 EST 2020,686
Sat Nov 07 17:18:03 EST 2020,882
Sat Nov 07 17:18:04 EST 2020,810
Sat Nov 07 17:18:05 EST 2020,803
Sat Nov 07 17:18:05 EST 2020,689
Sat Nov 07 17:18:06 EST 2020,692
Sat Nov 07 17:18:07 EST 2020,830
Sat Nov 07 17:18:08 EST 2020,667
Sat Nov 07 17:18:09 EST 2020,822
Sat Nov 07 17:18:10 EST 2020,904
Sat Nov 07 17:18:10 EST 2020,815
Sat Nov 07 17:18:11 EST 2020,792
Sat Nov 07 17:18:12 EST 2020,895
Sat Nov 07 17:18:13 EST 2020,664
Sat Nov 07 17:18:14 EST 2020,694
Sat Nov 07 17:18:14 EST 2020,677
Sat Nov 07 17:18:15 EST 2020,588
Sat Nov 07 17:18:16 EST 2020,792
Sat Nov 07 17:18:17 EST 2020,998
Sat Nov 07 17:18:18 EST 2020,916
Sat Nov 07 17:18:20 EST 2020,1939
Sat Nov 07 17:18:21 EST 2020,1581
Sat Nov 07 17:18:23 EST 2020,1585
Sat Nov 07 17:18:25 EST 2020,1492
Sat Nov 07 17:18:26 EST 2020,1417
Sat Nov 07 17:18:27 EST 2020,1349
Sat Nov 07 17:18:29 EST 2020,1617
Sat Nov 07 17:18:30 EST 2020,1383
Sat Nov 07 17:18:32 EST 2020,1298
Sat Nov 07 17:18:33 EST 2020,1285
Sat Nov 07 17:18:34 EST 2020,1239
Sat Nov 07 17:18:36 EST 2020,1290
Sat Nov 07 17:18:37 EST 2020,1381
Sat Nov 07 17:18:38 EST 2020,1267
Sat Nov 07 17:18:40 EST 2020,1429
Sat Nov 07 17:18:41 EST 2020,1273
Sat Nov 07 17:18:43 EST 2020,1303
Sat Nov 07 17:18:44 EST 2020,1275
Sat Nov 07 17:18:45 EST 2020,1312
Sat Nov 07 17:18:47 EST 2020,1369
Sat Nov 07 17:18:48 EST 2020,1290
Sat Nov 07 17:18:49 EST 2020,1186
Sat Nov 07 17:18:51 EST 2020,1704
Sat Nov 07 17:18:52 EST 2020,1490
Sat Nov 07 17:18:54 EST 2020,1621
Sat Nov 07 17:18:56 EST 2020,1394
Sat Nov 07 17:18:57 EST 2020,1513
Sat Nov 07 17:18:59 EST 2020,1487
Sat Nov 07 17:19:00 EST 2020,1533
Sat Nov 07 17:19:02 EST 2020,1498
Sat Nov 07 17:19:03 EST 2020,1639
Sat Nov 07 17:19:05 EST 2020,1270
Sat Nov 07 17:19:06 EST 2020,1279
Sat Nov 07 17:19:07 EST 2020,1266
Sat Nov 07 17:19:09 EST 2020,1313
Sat Nov 07 17:19:10 EST 2020,1409
Sat Nov 07 17:19:12 EST 2020,1417
Sat Nov 07 17:19:13 EST 2020,1186
Sat Nov 07 17:19:14 EST 2020,1136
Sat Nov 07 17:19:15 EST 2020,984
Sat Nov 07 17:19:16 EST 2020,897
Sat Nov 07 17:19:17 EST 2020,788
Sat Nov 07 17:19:18 EST 2020,998
Sat Nov 07 17:19:19 EST 2020,990
Sat Nov 07 17:19:20 EST 2020,977
Sat Nov 07 17:19:21 EST 2020,767
Sat Nov 07 17:19:22 EST 2020,817
Sat Nov 07 17:19:22 EST 2020,769
Sat Nov 07 17:19:23 EST 2020,798
Sat Nov 07 17:19:24 EST 2020,791
Sat Nov 07 17:19:25 EST 2020,895
Sat Nov 07 17:19:26 EST 2020,691
Sat Nov 07 17:19:27 EST 2020,800
Sat Nov 07 17:19:27 EST 2020,667
Sat Nov 07 17:19:28 EST 2020,816
Sat Nov 07 17:19:29 EST 2020,787
Sat Nov 07 17:19:30 EST 2020,896
Sat Nov 07 17:19:31 EST 2020,873
Sat Nov 07 17:19:32 EST 2020,995
Sat Nov 07 17:19:33 EST 2020,790
Sat Nov 07 17:19:33 EST 2020,777
Sat Nov 07 17:19:34 EST 2020,783
Sat Nov 07 17:19:35 EST 2020,790
Sat Nov 07 17:19:36 EST 2020,788
Sat Nov 07 17:19:37 EST 2020,579
Sat Nov 07 17:19:37 EST 2020,764
Sat Nov 07 17:19:38 EST 2020,695
Sat Nov 07 17:19:39 EST 2020,572
Sat Nov 07 17:19:39 EST 2020,478
Sat Nov 07 17:19:40 EST 2020,466
Sat Nov 07 17:19:40 EST 2020,491
Sat Nov 07 17:19:41 EST 2020,473
Sat Nov 07 17:19:41 EST 2020,587
Sat Nov 07 17:19:42 EST 2020,470
Sat Nov 07 17:19:43 EST 2020,766
Sat Nov 07 17:19:43 EST 2020,665
Sat Nov 07 17:19:44 EST 2020,702
Sat Nov 07 17:19:45 EST 2020,567
Sat Nov 07 17:19:45 EST 2020,494
Sat Nov 07 17:19:46 EST 2020,563
Sat Nov 07 17:19:47 EST 2020,994
Sat Nov 07 17:19:48 EST 2020,731
Sat Nov 07 17:19:48 EST 2020,696
Sat Nov 07 17:19:49 EST 2020,569
Sat Nov 07 17:19:50 EST 2020,676
Sat Nov 07 17:19:50 EST 2020,664
Sat Nov 07 17:19:51 EST 2020,594
Sat Nov 07 17:19:52 EST 2020,574
Sat Nov 07 17:19:52 EST 2020,583
Sat Nov 07 17:19:53 EST 2020,568
Sat Nov 07 17:19:54 EST 2020,697
Sat Nov 07 17:19:54 EST 2020,685
Sat Nov 07 17:19:55 EST 2020,692
Sat Nov 07 17:19:56 EST 2020,590
Sat Nov 07 17:19:56 EST 2020,624
Sat Nov 07 17:19:57 EST 2020,596
Sat Nov 07 17:19:58 EST 2020,602
Sat Nov 07 17:19:58 EST 2020,586
Sat Nov 07 17:19:59 EST 2020,614
Sat Nov 07 17:20:00 EST 2020,587
Sat Nov 07 17:20:00 EST 2020,603
Sat Nov 07 17:20:01 EST 2020,686
Sat Nov 07 17:20:02 EST 2020,615
Sat Nov 07 17:20:02 EST 2020,750
Sat Nov 07 17:20:03 EST 2020,667
Sat Nov 07 17:20:04 EST 2020,483
Sat Nov 07 17:20:04 EST 2020,627
Sat Nov 07 17:20:05 EST 2020,486
Sat Nov 07 17:20:05 EST 2020,492
Sat Nov 07 17:20:06 EST 2020,481
Sat Nov 07 17:20:06 EST 2020,614
Sat Nov 07 17:20:07 EST 2020,492
Sat Nov 07 17:20:08 EST 2020,495
Sat Nov 07 17:20:08 EST 2020,484
Sat Nov 07 17:20:09 EST 2020,513
Sat Nov 07 17:20:09 EST 2020,487
Sat Nov 07 17:20:10 EST 2020,493
Sat Nov 07 17:20:10 EST 2020,484
Sat Nov 07 17:20:11 EST 2020,515
Sat Nov 07 17:20:11 EST 2020,503
Sat Nov 07 17:20:12 EST 2020,496
Sat Nov 07 17:20:12 EST 2020,483
Sat Nov 07 17:20:13 EST 2020,514
Sat Nov 07 17:20:13 EST 2020,484
Sat Nov 07 17:20:14 EST 2020,624
Sat Nov 07 17:20:15 EST 2020,707
Sat Nov 07 17:20:15 EST 2020,619
Sat Nov 07 17:20:16 EST 2020,488
Sat Nov 07 17:20:17 EST 2020,498
Sat Nov 07 17:20:17 EST 2020,483
Sat Nov 07 17:20:18 EST 2020,508
Sat Nov 07 17:20:18 EST 2020,497
Sat Nov 07 17:20:19 EST 2020,530
Sat Nov 07 17:20:19 EST 2020,493
Sat Nov 07 17:20:20 EST 2020,515
Sat Nov 07 17:20:20 EST 2020,488
Sat Nov 07 17:20:21 EST 2020,501
Sat Nov 07 17:20:21 EST 2020,485
Sat Nov 07 17:20:22 EST 2020,513
Sat Nov 07 17:20:22 EST 2020,491
Sat Nov 07 17:20:23 EST 2020,594
Sat Nov 07 17:20:24 EST 2020,583
Sat Nov 07 17:20:24 EST 2020,516
Sat Nov 07 17:20:25 EST 2020,489
Sat Nov 07 17:20:25 EST 2020,505
Sat Nov 07 17:20:26 EST 2020,486
Sat Nov 07 17:20:26 EST 2020,511
Sat Nov 07 17:20:27 EST 2020,489
Sat Nov 07 17:20:27 EST 2020,502
Sat Nov 07 17:20:28 EST 2020,495
Sat Nov 07 17:20:29 EST 2020,513
Sat Nov 07 17:20:29 EST 2020,588
Sat Nov 07 17:20:30 EST 2020,496
Sat Nov 07 17:20:30 EST 2020,495
Sat Nov 07 17:20:31 EST 2020,522
Sat Nov 07 17:20:31 EST 2020,486
Sat Nov 07 17:20:32 EST 2020,489
Sat Nov 07 17:20:32 EST 2020,581
Sat Nov 07 17:20:33 EST 2020,593
Sat Nov 07 17:20:34 EST 2020,468
Sat Nov 07 17:20:34 EST 2020,489
Sat Nov 07 17:20:35 EST 2020,470
Sat Nov 07 17:20:35 EST 2020,501
Sat Nov 07 17:20:36 EST 2020,466
Sat Nov 07 17:20:36 EST 2020,486
Sat Nov 07 17:20:37 EST 2020,472
Sat Nov 07 17:20:38 EST 2020,819
Sat Nov 07 17:20:38 EST 2020,576
Sat Nov 07 17:20:39 EST 2020,475
Sat Nov 07 17:20:39 EST 2020,541
Sat Nov 07 17:20:40 EST 2020,694
Sat Nov 07 17:20:41 EST 2020,566
Sat Nov 07 17:20:41 EST 2020,479
Sat Nov 07 17:20:42 EST 2020,559
Sat Nov 07 17:20:42 EST 2020,580
Sat Nov 07 17:20:43 EST 2020,587
Sat Nov 07 17:20:44 EST 2020,573
Sat Nov 07 17:20:44 EST 2020,465
Sat Nov 07 17:20:45 EST 2020,498
Sat Nov 07 17:20:45 EST 2020,473
Sat Nov 07 17:20:46 EST 2020,579
Sat Nov 07 17:20:46 EST 2020,565
Sat Nov 07 17:20:47 EST 2020,604
Sat Nov 07 17:20:47 EST 2020,472
Sat Nov 07 17:20:48 EST 2020,479
Sat Nov 07 17:20:49 EST 2020,613
Sat Nov 07 17:20:49 EST 2020,495
Sat Nov 07 17:20:50 EST 2020,470
Sat Nov 07 17:20:50 EST 2020,579
Sat Nov 07 17:20:51 EST 2020,585
Sat Nov 07 17:20:52 EST 2020,856
Sat Nov 07 17:20:53 EST 2020,785
Sat Nov 07 17:20:54 EST 2020,896
Sat Nov 07 17:20:55 EST 2020,1083
Sat Nov 07 17:20:56 EST 2020,1119
Sat Nov 07 17:20:57 EST 2020,974
Sat Nov 07 17:20:58 EST 2020,995
Sat Nov 07 17:20:59 EST 2020,990
Sat Nov 07 17:21:00 EST 2020,1014
Sat Nov 07 17:21:01 EST 2020,986
Sat Nov 07 17:21:02 EST 2020,995
Sat Nov 07 17:21:03 EST 2020,987
Sat Nov 07 17:21:04 EST 2020,994
Sat Nov 07 17:21:05 EST 2020,1050
Sat Nov 07 17:21:06 EST 2020,993
Sat Nov 07 17:21:07 EST 2020,1001
Sat Nov 07 17:21:08 EST 2020,1117
Sat Nov 07 17:21:09 EST 2020,967
Sat Nov 07 17:21:10 EST 2020,1001
Sat Nov 07 17:21:11 EST 2020,986
Sat Nov 07 17:21:13 EST 2020,1023
Sat Nov 07 17:21:14 EST 2020,991
Sat Nov 07 17:21:15 EST 2020,993
Sat Nov 07 17:21:16 EST 2020,987
Sat Nov 07 17:21:17 EST 2020,1021
Sat Nov 07 17:21:18 EST 2020,887
Sat Nov 07 17:21:19 EST 2020,996
Sat Nov 07 17:21:20 EST 2020,902
Sat Nov 07 17:21:21 EST 2020,915
Sat Nov 07 17:21:22 EST 2020,1145
Sat Nov 07 17:21:23 EST 2020,1103
Sat Nov 07 17:21:24 EST 2020,986
Sat Nov 07 17:21:25 EST 2020,1048
Sat Nov 07 17:21:26 EST 2020,1088
Sat Nov 07 17:21:27 EST 2020,1102
Sat Nov 07 17:21:28 EST 2020,1187
Sat Nov 07 17:21:30 EST 2020,1121
Sat Nov 07 17:21:31 EST 2020,1066
Sat Nov 07 17:21:32 EST 2020,977
Sat Nov 07 17:21:33 EST 2020,984
Sat Nov 07 17:21:34 EST 2020,1314
Sat Nov 07 17:21:36 EST 2020,2113
Sat Nov 07 17:21:38 EST 2020,1600
Sat Nov 07 17:21:39 EST 2020,1490
Sat Nov 07 17:21:41 EST 2020,1508
Sat Nov 07 17:21:42 EST 2020,1386
Sat Nov 07 17:21:44 EST 2020,1407
Sat Nov 07 17:21:46 EST 2020,1703
Sat Nov 07 17:21:47 EST 2020,1711
Sat Nov 07 17:21:49 EST 2020,1409
Sat Nov 07 17:21:50 EST 2020,1396
Sat Nov 07 17:21:52 EST 2020,1487
Sat Nov 07 17:21:53 EST 2020,1521
Sat Nov 07 17:21:55 EST 2020,1312
Sat Nov 07 17:21:56 EST 2020,1410
Sat Nov 07 17:21:58 EST 2020,1397
Sat Nov 07 17:21:59 EST 2020,1317
Sat Nov 07 17:22:00 EST 2020,1283
Sat Nov 07 17:22:02 EST 2020,1299
Sat Nov 07 17:22:03 EST 2020,1191
Sat Nov 07 17:22:04 EST 2020,1305
Sat Nov 07 17:22:06 EST 2020,1288
Sat Nov 07 17:22:07 EST 2020,1395
Sat Nov 07 17:22:08 EST 2020,1083
Sat Nov 07 17:22:09 EST 2020,1113
Sat Nov 07 17:22:10 EST 2020,989
Sat Nov 07 17:22:11 EST 2020,997
Sat Nov 07 17:22:12 EST 2020,985
Sat Nov 07 17:22:14 EST 2020,1113
Sat Nov 07 17:22:15 EST 2020,985
Sat Nov 07 17:22:16 EST 2020,1012
Sat Nov 07 17:22:17 EST 2020,1085
Sat Nov 07 17:22:18 EST 2020,1096
Sat Nov 07 17:22:19 EST 2020,993
Sat Nov 07 17:22:20 EST 2020,997
Sat Nov 07 17:22:21 EST 2020,984
Sat Nov 07 17:22:22 EST 2020,1135
Sat Nov 07 17:22:23 EST 2020,887
Sat Nov 07 17:22:24 EST 2020,997
Sat Nov 07 17:22:25 EST 2020,885
Sat Nov 07 17:22:26 EST 2020,815
Sat Nov 07 17:22:27 EST 2020,865
Sat Nov 07 17:22:28 EST 2020,900
Sat Nov 07 17:22:29 EST 2020,885
Sat Nov 07 17:22:30 EST 2020,918
Sat Nov 07 17:22:31 EST 2020,1097
Sat Nov 07 17:22:32 EST 2020,994
Sat Nov 07 17:22:33 EST 2020,786
Sat Nov 07 17:22:34 EST 2020,892
Sat Nov 07 17:22:34 EST 2020,662
Sat Nov 07 17:22:35 EST 2020,771
Sat Nov 07 17:22:36 EST 2020,567
Sat Nov 07 17:22:36 EST 2020,703
Sat Nov 07 17:22:37 EST 2020,578
Sat Nov 07 17:22:38 EST 2020,677
Sat Nov 07 17:22:38 EST 2020,621
Sat Nov 07 17:22:39 EST 2020,615
Sat Nov 07 17:22:40 EST 2020,463
Sat Nov 07 17:22:40 EST 2020,478
Sat Nov 07 17:22:41 EST 2020,460
Sat Nov 07 17:22:41 EST 2020,489
Sat Nov 07 17:22:42 EST 2020,467
Sat Nov 07 17:22:42 EST 2020,574
Sat Nov 07 17:22:43 EST 2020,465
Sat Nov 07 17:22:43 EST 2020,393
Sat Nov 07 17:22:44 EST 2020,469
Sat Nov 07 17:22:44 EST 2020,556
Sat Nov 07 17:22:45 EST 2020,469
Sat Nov 07 17:22:45 EST 2020,389
Sat Nov 07 17:22:46 EST 2020,376
Sat Nov 07 17:22:46 EST 2020,370
Sat Nov 07 17:22:47 EST 2020,463
Sat Nov 07 17:22:47 EST 2020,496
Sat Nov 07 17:22:47 EST 2020,387
Sat Nov 07 17:22:48 EST 2020,371
Sat Nov 07 17:22:48 EST 2020,361
Sat Nov 07 17:22:49 EST 2020,401
Sat Nov 07 17:22:49 EST 2020,470
Sat Nov 07 17:22:50 EST 2020,564
Sat Nov 07 17:22:50 EST 2020,485
Sat Nov 07 17:22:51 EST 2020,491
Sat Nov 07 17:22:51 EST 2020,567
Sat Nov 07 17:22:52 EST 2020,577
Sat Nov 07 17:22:53 EST 2020,566
Sat Nov 07 17:22:53 EST 2020,500
Sat Nov 07 17:22:54 EST 2020,474
Sat Nov 07 17:22:54 EST 2020,486
Sat Nov 07 17:22:55 EST 2020,469
Sat Nov 07 17:22:55 EST 2020,492
Sat Nov 07 17:22:56 EST 2020,568
Sat Nov 07 17:22:56 EST 2020,471
Sat Nov 07 17:22:57 EST 2020,465
Sat Nov 07 17:22:57 EST 2020,494
Sat Nov 07 17:22:58 EST 2020,469
Sat Nov 07 17:22:59 EST 2020,576
Sat Nov 07 17:22:59 EST 2020,568
Sat Nov 07 17:23:00 EST 2020,495
Sat Nov 07 17:23:00 EST 2020,469
Sat Nov 07 17:23:01 EST 2020,581
Sat Nov 07 17:23:01 EST 2020,477
Sat Nov 07 17:23:02 EST 2020,494
Sat Nov 07 17:23:02 EST 2020,470
Sat Nov 07 17:23:03 EST 2020,538
Sat Nov 07 17:23:04 EST 2020,465
Sat Nov 07 17:23:04 EST 2020,594
Sat Nov 07 17:23:05 EST 2020,570
Sat Nov 07 17:23:05 EST 2020,478
Sat Nov 07 17:23:06 EST 2020,985
Sat Nov 07 17:23:07 EST 2020,808
Sat Nov 07 17:23:08 EST 2020,687
Sat Nov 07 17:23:09 EST 2020,1171
Sat Nov 07 17:23:10 EST 2020,1184
Sat Nov 07 17:23:11 EST 2020,1102
Sat Nov 07 17:23:13 EST 2020,1130
Sat Nov 07 17:23:14 EST 2020,1197
Sat Nov 07 17:23:15 EST 2020,1287
Sat Nov 07 17:23:16 EST 2020,1113
Sat Nov 07 17:23:18 EST 2020,1096
Sat Nov 07 17:23:19 EST 2020,1098
Sat Nov 07 17:23:20 EST 2020,1089
Sat Nov 07 17:23:21 EST 2020,1113
Sat Nov 07 17:23:22 EST 2020,1088
Sat Nov 07 17:23:23 EST 2020,1097
Sat Nov 07 17:23:24 EST 2020,1084
Sat Nov 07 17:23:26 EST 2020,1916
Sat Nov 07 17:23:28 EST 2020,1781
Sat Nov 07 17:23:30 EST 2020,1695
Sat Nov 07 17:23:32 EST 2020,1702
Sat Nov 07 17:23:33 EST 2020,1714
Sat Nov 07 17:23:35 EST 2020,1610
Sat Nov 07 17:23:37 EST 2020,1616
Sat Nov 07 17:23:38 EST 2020,1689
Sat Nov 07 17:23:40 EST 2020,1694
Sat Nov 07 17:23:42 EST 2020,1885
Sat Nov 07 17:23:44 EST 2020,1691
Sat Nov 07 17:23:46 EST 2020,1690
Sat Nov 07 17:23:48 EST 2020,1955
Sat Nov 07 17:23:49 EST 2020,1508
Sat Nov 07 17:23:51 EST 2020,1492
Sat Nov 07 17:23:52 EST 2020,1272
Sat Nov 07 17:23:53 EST 2020,1209
Sat Nov 07 17:23:54 EST 2020,991
Sat Nov 07 17:23:55 EST 2020,896
Sat Nov 07 17:23:56 EST 2020,786
Sat Nov 07 17:23:57 EST 2020,1111
Sat Nov 07 17:23:58 EST 2020,1011
Sat Nov 07 17:24:00 EST 2020,1595
Sat Nov 07 17:24:01 EST 2020,1397
Sat Nov 07 17:24:03 EST 2020,1425
Sat Nov 07 17:24:04 EST 2020,1394
Sat Nov 07 17:24:06 EST 2020,1392
Sat Nov 07 17:24:07 EST 2020,1394
Sat Nov 07 17:24:08 EST 2020,1393
Sat Nov 07 17:24:10 EST 2020,1400
Sat Nov 07 17:24:11 EST 2020,1194
Sat Nov 07 17:24:12 EST 2020,1085
Sat Nov 07 17:24:14 EST 2020,1317
Sat Nov 07 17:24:15 EST 2020,1291
Sat Nov 07 17:24:16 EST 2020,1205
Sat Nov 07 17:24:17 EST 2020,1087
Sat Nov 07 17:24:18 EST 2020,1019
Sat Nov 07 17:24:20 EST 2020,1090
Sat Nov 07 17:24:21 EST 2020,1379
Sat Nov 07 17:24:22 EST 2020,1469
Sat Nov 07 17:24:24 EST 2020,1505
Sat Nov 07 17:24:26 EST 2020,1512
Sat Nov 07 17:24:27 EST 2020,1472
Sat Nov 07 17:24:29 EST 2020,1392
Sat Nov 07 17:24:30 EST 2020,1469
Sat Nov 07 17:24:31 EST 2020,1309
Sat Nov 07 17:24:33 EST 2020,1404
Sat Nov 07 17:24:34 EST 2020,1295
Sat Nov 07 17:24:36 EST 2020,1426
Sat Nov 07 17:24:37 EST 2020,1207
Sat Nov 07 17:24:38 EST 2020,1103
Sat Nov 07 17:24:39 EST 2020,1004
Sat Nov 07 17:24:40 EST 2020,1020
Sat Nov 07 17:24:41 EST 2020,800
Sat Nov 07 17:24:42 EST 2020,684
Sat Nov 07 17:24:42 EST 2020,695
Sat Nov 07 17:24:43 EST 2020,603
Sat Nov 07 17:24:44 EST 2020,701
Sat Nov 07 17:24:45 EST 2020,980
Sat Nov 07 17:24:46 EST 2020,865
Sat Nov 07 17:24:46 EST 2020,700
Sat Nov 07 17:24:47 EST 2020,694
Sat Nov 07 17:24:48 EST 2020,1012
Sat Nov 07 17:24:49 EST 2020,989
Sat Nov 07 17:24:50 EST 2020,1012
Sat Nov 07 17:24:51 EST 2020,787
Sat Nov 07 17:24:52 EST 2020,795
Sat Nov 07 17:24:53 EST 2020,820
Sat Nov 07 17:24:54 EST 2020,721
Sat Nov 07 17:24:54 EST 2020,790
Sat Nov 07 17:24:55 EST 2020,809
Sat Nov 07 17:24:56 EST 2020,680
Sat Nov 07 17:24:57 EST 2020,802
Sat Nov 07 17:24:58 EST 2020,681
Sat Nov 07 17:24:58 EST 2020,706
Sat Nov 07 17:24:59 EST 2020,784
Sat Nov 07 17:25:00 EST 2020,703
Sat Nov 07 17:25:01 EST 2020,782
Sat Nov 07 17:25:02 EST 2020,793
Sat Nov 07 17:25:02 EST 2020,688
Sat Nov 07 17:25:03 EST 2020,599
Sat Nov 07 17:25:03 EST 2020,583
Sat Nov 07 17:25:04 EST 2020,585
Sat Nov 07 17:25:05 EST 2020,681
Sat Nov 07 17:25:05 EST 2020,608
Sat Nov 07 17:25:06 EST 2020,584
Sat Nov 07 17:25:07 EST 2020,587
Sat Nov 07 17:25:07 EST 2020,675
Sat Nov 07 17:25:08 EST 2020,505
Sat Nov 07 17:25:09 EST 2020,607
Sat Nov 07 17:25:09 EST 2020,590
Sat Nov 07 17:25:11 EST 2020,1205
Sat Nov 07 17:25:11 EST 2020,801
Sat Nov 07 17:25:12 EST 2020,679
Sat Nov 07 17:25:13 EST 2020,783
Sat Nov 07 17:25:14 EST 2020,677
Sat Nov 07 17:25:14 EST 2020,827
Sat Nov 07 17:25:15 EST 2020,681
Sat Nov 07 17:25:16 EST 2020,808
Sat Nov 07 17:25:17 EST 2020,899
Sat Nov 07 17:25:18 EST 2020,945
Sat Nov 07 17:25:19 EST 2020,805
Sat Nov 07 17:25:20 EST 2020,786
Sat Nov 07 17:25:21 EST 2020,882
Sat Nov 07 17:25:22 EST 2020,935
Sat Nov 07 17:25:22 EST 2020,802
Sat Nov 07 17:25:23 EST 2020,905
Sat Nov 07 17:25:24 EST 2020,1101
Sat Nov 07 17:25:26 EST 2020,1166
Sat Nov 07 17:25:27 EST 2020,908
Sat Nov 07 17:25:27 EST 2020,787
Sat Nov 07 17:25:28 EST 2020,681
Sat Nov 07 17:25:29 EST 2020,705
Sat Nov 07 17:25:30 EST 2020,780
Sat Nov 07 17:25:30 EST 2020,698
Sat Nov 07 17:25:31 EST 2020,678
Sat Nov 07 17:25:33 EST 2020,1454
Sat Nov 07 17:25:34 EST 2020,1034
Sat Nov 07 17:25:35 EST 2020,1315
Sat Nov 07 17:25:36 EST 2020,1296
Sat Nov 07 17:25:38 EST 2020,1236
Sat Nov 07 17:25:39 EST 2020,1207
Sat Nov 07 17:25:40 EST 2020,1110
Sat Nov 07 17:25:41 EST 2020,1297
Sat Nov 07 17:25:43 EST 2020,1153
Sat Nov 07 17:25:44 EST 2020,1329
Sat Nov 07 17:25:45 EST 2020,1311
Sat Nov 07 17:25:47 EST 2020,1299
Sat Nov 07 17:25:48 EST 2020,1302
Sat Nov 07 17:25:49 EST 2020,1303
Sat Nov 07 17:25:51 EST 2020,1191
Sat Nov 07 17:25:52 EST 2020,1100
Sat Nov 07 17:25:53 EST 2020,1133
Sat Nov 07 17:25:54 EST 2020,1203
Sat Nov 07 17:25:55 EST 2020,1117
Sat Nov 07 17:25:56 EST 2020,1101
Sat Nov 07 17:25:58 EST 2020,1122
Sat Nov 07 17:25:59 EST 2020,1195
Sat Nov 07 17:26:00 EST 2020,1302
Sat Nov 07 17:26:02 EST 2020,1286
Sat Nov 07 17:26:03 EST 2020,1529
Sat Nov 07 17:26:05 EST 2020,1391
Sat Nov 07 17:26:06 EST 2020,1310
Sat Nov 07 17:26:07 EST 2020,1200
Sat Nov 07 17:26:08 EST 2020,1133
Sat Nov 07 17:26:09 EST 2020,1110
Sat Nov 07 17:26:11 EST 2020,1135
Sat Nov 07 17:26:12 EST 2020,1118
Sat Nov 07 17:26:13 EST 2020,1142
Sat Nov 07 17:26:14 EST 2020,1105
Sat Nov 07 17:26:15 EST 2020,1193
Sat Nov 07 17:26:16 EST 2020,888
Sat Nov 07 17:26:17 EST 2020,912
Sat Nov 07 17:26:18 EST 2020,887
Sat Nov 07 17:26:19 EST 2020,693
Sat Nov 07 17:26:20 EST 2020,891
Sat Nov 07 17:26:21 EST 2020,868
Sat Nov 07 17:26:21 EST 2020,590
Sat Nov 07 17:26:22 EST 2020,687
Sat Nov 07 17:26:23 EST 2020,505
Sat Nov 07 17:26:23 EST 2020,618
Sat Nov 07 17:26:24 EST 2020,497
Sat Nov 07 17:26:24 EST 2020,490
Sat Nov 07 17:26:25 EST 2020,481
