01-Nov-22_16, 2489
01-Nov-22_16, 2524
01-Nov-22_16, 2488
01-Nov-22_16, 2535
01-Nov-22_16, 2517
01-Nov-22_16, 2509
01-Nov-22_16, 2547
01-Nov-22_16, 2603
01-Nov-22_16, 2525
01-Nov-22_17, 2644
01-Nov-22_17, 2600
01-Nov-22_17, 2502
01-Nov-22_17, 2508
01-Nov-22_17, 2531
01-Nov-22_17, 2535
01-Nov-22_17, 2503
01-Nov-22_17, 2400
01-Nov-22_17, 2496
01-Nov-22_17, 2511
01-Nov-22_17, 2520
01-Nov-22_17, 2545
01-Nov-22_17, 2489
01-Nov-22_17, 2604
01-Nov-22_17, 2535
01-Nov-22_17, 2504
01-Nov-22_17, 2492
01-Nov-22_18, 2502
01-Nov-22_18, 2504
01-Nov-22_18, 2496
01-Nov-22_18, 2434
01-Nov-22_18, 2496
01-Nov-22_18, 2419
01-Nov-22_18, 2504
01-Nov-22_18, 2517
01-Nov-22_18, 2503
01-Nov-22_18, 2511
01-Nov-22_18, 2533
01-Nov-22_18, 2519
01-Nov-22_18, 2536
01-Nov-22_18, 2610
01-Nov-22_18, 2534
01-Nov-22_18, 2542
01-Nov-22_18, 2589
01-Nov-22_19, 2446
01-Nov-22_19, 2506
01-Nov-22_19, 2427
01-Nov-22_19, 2603
01-Nov-22_19, 2547
01-Nov-22_19, 2533
01-Nov-22_19, 2433
01-Nov-22_19, 2606
01-Nov-22_19, 2514
01-Nov-22_19, 2696
01-Nov-22_19, 2594
01-Nov-22_19, 2518
01-Nov-22_19, 2432
01-Nov-22_19, 2525
01-Nov-22_19, 2612
01-Nov-22_19, 2497
01-Nov-22_19, 2492
01-Nov-22_20, 2613
01-Nov-22_20, 2582
01-Nov-22_20, 2504
01-Nov-22_20, 2512
01-Nov-22_20, 2494
01-Nov-22_20, 2532
01-Nov-22_20, 2520
01-Nov-22_20, 2490
01-Nov-22_20, 2627
01-Nov-22_20, 2499
01-Nov-22_20, 2488
01-Nov-22_20, 2499
01-Nov-22_20, 2506
01-Nov-22_20, 2587
01-Nov-22_20, 2530
01-Nov-22_20, 2514
01-Nov-22_20, 2533
01-Nov-22_21, 2528
01-Nov-22_21, 2639
01-Nov-22_21, 2591
01-Nov-22_21, 2550
01-Nov-22_21, 2493
01-Nov-22_21, 2640
01-Nov-22_21, 2494
01-Nov-22_21, 2530
01-Nov-22_21, 2490
01-Nov-22_21, 2555
01-Nov-22_21, 2518
01-Nov-22_21, 2641
01-Nov-22_21, 2495
01-Nov-22_21, 2495
01-Nov-22_21, 2493
01-Nov-22_21, 2610
01-Nov-22_21, 2596
01-Nov-22_22, 2623
01-Nov-22_22, 2513
01-Nov-22_22, 2515
01-Nov-22_22, 2412
01-Nov-22_22, 2422
01-Nov-22_22, 2526
01-Nov-22_22, 2505
01-Nov-22_22, 2520
01-Nov-22_22, 2608
01-Nov-22_22, 2513
01-Nov-22_22, 2512
01-Nov-22_22, 2514
01-Nov-22_22, 2637
01-Nov-22_22, 2564
01-Nov-22_22, 2611
01-Nov-22_22, 2491
01-Nov-22_22, 2544
01-Nov-22_23, 2504
01-Nov-22_23, 2506
01-Nov-22_23, 2489
01-Nov-22_23, 2613
01-Nov-22_23, 2486
01-Nov-22_23, 2605
01-Nov-22_23, 2494
01-Nov-22_23, 2645
01-Nov-22_23, 2423
01-Nov-22_23, 2538
01-Nov-22_23, 2606
01-Nov-22_23, 2512
01-Nov-22_23, 2491
01-Nov-22_23, 2506
01-Nov-22_23, 2611
01-Nov-22_23, 2620
01-Nov-22_23, 2498
01-Nov-22_24, 2463
01-Nov-22_24, 2505
01-Nov-22_24, 2430
01-Nov-22_24, 2508
01-Nov-22_24, 2488
01-Nov-22_24, 2612
01-Nov-22_24, 2539
01-Nov-22_24, 2490
01-Nov-22_24, 2504
01-Nov-22_24, 2501
01-Nov-22_24, 2453
01-Nov-22_24, 2492
01-Nov-22_24, 2504
01-Nov-22_24, 2495
01-Nov-22_24, 2518
01-Nov-22_24, 2487
01-Nov-22_24, 2532
01-Nov-22_25, 2516
01-Nov-22_25, 2623
01-Nov-22_25, 2489
01-Nov-22_25, 2508
01-Nov-22_25, 2534
01-Nov-22_25, 2499
01-Nov-22_25, 2524
01-Nov-22_25, 2534
01-Nov-22_25, 2590
01-Nov-22_25, 2605
01-Nov-22_25, 2419
01-Nov-22_25, 2537
01-Nov-22_25, 2551
01-Nov-22_25, 2461
01-Nov-22_25, 2482
01-Nov-22_25, 2514
01-Nov-22_25, 2513
01-Nov-22_26, 2518
01-Nov-22_26, 2542
01-Nov-22_26, 2603
01-Nov-22_26, 2628
01-Nov-22_26, 2536
01-Nov-22_26, 2417
01-Nov-22_26, 2500
01-Nov-22_26, 2533
01-Nov-22_26, 2540
01-Nov-22_26, 2551
01-Nov-22_26, 2645
01-Nov-22_26, 2489
01-Nov-22_26, 2509
01-Nov-22_26, 2498
01-Nov-22_26, 2494
01-Nov-22_26, 2511
01-Nov-22_26, 2496
01-Nov-22_27, 2523
01-Nov-22_27, 2542
01-Nov-22_27, 2499
01-Nov-22_27, 2507
01-Nov-22_27, 2487
01-Nov-22_27, 2501
01-Nov-22_27, 2610
01-Nov-22_27, 2510
01-Nov-22_27, 2605
01-Nov-22_27, 2601
01-Nov-22_27, 2490
01-Nov-22_27, 2431
01-Nov-22_27, 2479
01-Nov-22_27, 2557
01-Nov-22_27, 2520
01-Nov-22_27, 2501
01-Nov-22_27, 2502
01-Nov-22_28, 2502
01-Nov-22_28, 2551
01-Nov-22_28, 2509
01-Nov-22_28, 2432
01-Nov-22_28, 2431
01-Nov-22_28, 2553
01-Nov-22_28, 2459
01-Nov-22_28, 2431
01-Nov-22_28, 2541
01-Nov-22_28, 2524
01-Nov-22_28, 2548
01-Nov-22_28, 2437
01-Nov-22_28, 2440
01-Nov-22_28, 2464
01-Nov-22_28, 2499
01-Nov-22_28, 2445
01-Nov-22_28, 2507
01-Nov-22_29, 2480
01-Nov-22_29, 2436
01-Nov-22_29, 2461
01-Nov-22_29, 2459
01-Nov-22_29, 2544
01-Nov-22_29, 2420
01-Nov-22_29, 2476
01-Nov-22_29, 2393
01-Nov-22_29, 2445
01-Nov-22_29, 2430
01-Nov-22_29, 2421
01-Nov-22_29, 2425
01-Nov-22_29, 2478
01-Nov-22_29, 2476
01-Nov-22_29, 2544
01-Nov-22_29, 2503
01-Nov-22_29, 2557
01-Nov-22_30, 2502
01-Nov-22_30, 2456
01-Nov-22_30, 2448
01-Nov-22_30, 2438
01-Nov-22_30, 2515
01-Nov-22_30, 2379
01-Nov-22_30, 2376
01-Nov-22_30, 2557
01-Nov-22_30, 2652
01-Nov-22_30, 2447
01-Nov-22_30, 2458
01-Nov-22_30, 2378
01-Nov-22_30, 2451
01-Nov-22_30, 2436
01-Nov-22_30, 2453
01-Nov-22_30, 2388
01-Nov-22_30, 2560
01-Nov-22_31, 2550
01-Nov-22_31, 2553
01-Nov-22_31, 2557
01-Nov-22_31, 2454
01-Nov-22_31, 2431
01-Nov-22_31, 2560
01-Nov-22_31, 2521
01-Nov-22_31, 2467
01-Nov-22_31, 2530
01-Nov-22_31, 2439
01-Nov-22_31, 2478
01-Nov-22_31, 2544
01-Nov-22_31, 2420
01-Nov-22_31, 2468
01-Nov-22_31, 2544
01-Nov-22_31, 2559
01-Nov-22_31, 2433
01-Nov-22_31, 2438
01-Nov-22_32, 2443
01-Nov-22_32, 2450
01-Nov-22_32, 2426
01-Nov-22_32, 2447
01-Nov-22_32, 2441
01-Nov-22_32, 2441
01-Nov-22_32, 2437
01-Nov-22_32, 2619
01-Nov-22_32, 2441
01-Nov-22_32, 2534
01-Nov-22_32, 2364
01-Nov-22_32, 2371
01-Nov-22_32, 2453
01-Nov-22_32, 2477
01-Nov-22_32, 2478
01-Nov-22_32, 2473
01-Nov-22_32, 2447
01-Nov-22_33, 2561
01-Nov-22_33, 2361
01-Nov-22_33, 2468
01-Nov-22_33, 2442
01-Nov-22_33, 2549
01-Nov-22_33, 2444
01-Nov-22_33, 2449
01-Nov-22_33, 2433
01-Nov-22_33, 2576
01-Nov-22_33, 2460
01-Nov-22_33, 2460
01-Nov-22_33, 2459
01-Nov-22_33, 2474
01-Nov-22_33, 2585
01-Nov-22_33, 2473
01-Nov-22_33, 2430
01-Nov-22_33, 2485
01-Nov-22_34, 2462
01-Nov-22_34, 2442
01-Nov-22_34, 2429
01-Nov-22_34, 2523
01-Nov-22_34, 2449
01-Nov-22_34, 2435
01-Nov-22_34, 2386
01-Nov-22_34, 2439
01-Nov-22_34, 2450
01-Nov-22_34, 2369
01-Nov-22_34, 2468
01-Nov-22_34, 2444
01-Nov-22_34, 2532
01-Nov-22_34, 2434
01-Nov-22_34, 2465
01-Nov-22_34, 2437
01-Nov-22_34, 2557
01-Nov-22_35, 2440
01-Nov-22_35, 2438
01-Nov-22_35, 2713
01-Nov-22_35, 2459
01-Nov-22_35, 2451
01-Nov-22_35, 2356
01-Nov-22_35, 2546
01-Nov-22_35, 2576
01-Nov-22_35, 2534
01-Nov-22_35, 2545
01-Nov-22_35, 2530
01-Nov-22_35, 2452
01-Nov-22_35, 2442
01-Nov-22_35, 2435
01-Nov-22_35, 2368
01-Nov-22_35, 2453
01-Nov-22_35, 2454
01-Nov-22_35, 2562
01-Nov-22_36, 2477
01-Nov-22_36, 2435
01-Nov-22_36, 2436
01-Nov-22_36, 2442
01-Nov-22_36, 2457
01-Nov-22_36, 2565
01-Nov-22_36, 2545
01-Nov-22_36, 2492
01-Nov-22_36, 2466
01-Nov-22_36, 2426
01-Nov-22_36, 2399
01-Nov-22_36, 2423
01-Nov-22_36, 2462
01-Nov-22_36, 2448
01-Nov-22_36, 2440
01-Nov-22_36, 2432
01-Nov-22_36, 2475
01-Nov-22_37, 2458
01-Nov-22_37, 6602
01-Nov-22_37, 2434
01-Nov-22_37, 2433
01-Nov-22_37, 2472
01-Nov-22_37, 2543
01-Nov-22_37, 2447
01-Nov-22_37, 2473
01-Nov-22_37, 2444
01-Nov-22_37, 2480
01-Nov-22_37, 2532
01-Nov-22_37, 2450
01-Nov-22_37, 2477
01-Nov-22_37, 2443
01-Nov-22_37, 2422
01-Nov-22_37, 2424
01-Nov-22_38, 2530
01-Nov-22_38, 2453
01-Nov-22_38, 2431
01-Nov-22_38, 2449
01-Nov-22_38, 2475
01-Nov-22_38, 2475
01-Nov-22_38, 2551
01-Nov-22_38, 2361
01-Nov-22_38, 2477
01-Nov-22_38, 2451
01-Nov-22_38, 2460
01-Nov-22_38, 2472
01-Nov-22_38, 2565
01-Nov-22_38, 2447
01-Nov-22_38, 2487
01-Nov-22_38, 2544
01-Nov-22_38, 2476
01-Nov-22_39, 2562
01-Nov-22_39, 2469
01-Nov-22_39, 2486
01-Nov-22_39, 2487
01-Nov-22_39, 2545
01-Nov-22_39, 2451
01-Nov-22_39, 2489
01-Nov-22_39, 2483
01-Nov-22_39, 2477
01-Nov-22_39, 2459
01-Nov-22_39, 2439
01-Nov-22_39, 2467
01-Nov-22_39, 2430
01-Nov-22_39, 2477
01-Nov-22_39, 2538
01-Nov-22_39, 2372
01-Nov-22_39, 2538
01-Nov-22_40, 2474
01-Nov-22_40, 2492
01-Nov-22_40, 2438
01-Nov-22_40, 2487
01-Nov-22_40, 2435
01-Nov-22_40, 2461
01-Nov-22_40, 2473
01-Nov-22_40, 2430
01-Nov-22_40, 2443
01-Nov-22_40, 2441
01-Nov-22_40, 2428
01-Nov-22_40, 2442
01-Nov-22_40, 2426
01-Nov-22_40, 2450
01-Nov-22_40, 2464
01-Nov-22_40, 2444
01-Nov-22_40, 2448
01-Nov-22_40, 2473
01-Nov-22_41, 2544
01-Nov-22_41, 2443
01-Nov-22_41, 2481
01-Nov-22_41, 2459
01-Nov-22_41, 2541
01-Nov-22_41, 2544
01-Nov-22_41, 2667
01-Nov-22_41, 2518
01-Nov-22_41, 2450
01-Nov-22_41, 2442
01-Nov-22_41, 2432
01-Nov-22_41, 2484
01-Nov-22_41, 2424
01-Nov-22_41, 2553
01-Nov-22_41, 2437
01-Nov-22_41, 2527
01-Nov-22_41, 2437
01-Nov-22_42, 2469
01-Nov-22_42, 2524
01-Nov-22_42, 2486
01-Nov-22_42, 2574
01-Nov-22_42, 2562
01-Nov-22_42, 2525
01-Nov-22_42, 2467
01-Nov-22_42, 2367
01-Nov-22_42, 2446
01-Nov-22_42, 2484
01-Nov-22_42, 2441
01-Nov-22_42, 2446
01-Nov-22_42, 2474
01-Nov-22_42, 2451
01-Nov-22_42, 2495
01-Nov-22_42, 2529
01-Nov-22_42, 2470
01-Nov-22_43, 2438
01-Nov-22_43, 2466
01-Nov-22_43, 2623
01-Nov-22_43, 2459
01-Nov-22_43, 2360
01-Nov-22_43, 2477
01-Nov-22_43, 2461
01-Nov-22_43, 2434
01-Nov-22_43, 2548
01-Nov-22_43, 2428
01-Nov-22_43, 2487
01-Nov-22_43, 2459
01-Nov-22_43, 2549
01-Nov-22_43, 2808
01-Nov-22_43, 2559
01-Nov-22_43, 2457
01-Nov-22_43, 2435
01-Nov-22_44, 2488
01-Nov-22_44, 2445
01-Nov-22_44, 2484
01-Nov-22_44, 2565
01-Nov-22_44, 2523
01-Nov-22_44, 2574
01-Nov-22_44, 2435
01-Nov-22_44, 2469
01-Nov-22_44, 2529
01-Nov-22_44, 2361
01-Nov-22_44, 2554
01-Nov-22_44, 2441
01-Nov-22_44, 2492
01-Nov-22_44, 2587
01-Nov-22_44, 2495
01-Nov-22_44, 2468
01-Nov-22_44, 2546
01-Nov-22_45, 2442
01-Nov-22_45, 2543
01-Nov-22_45, 2440
01-Nov-22_45, 2478
01-Nov-22_45, 2427
01-Nov-22_45, 2430
01-Nov-22_45, 2431
01-Nov-22_45, 2471
01-Nov-22_45, 2448
01-Nov-22_45, 2437
01-Nov-22_45, 2449
01-Nov-22_45, 2544
01-Nov-22_45, 2528
01-Nov-22_45, 2434
01-Nov-22_45, 2476
01-Nov-22_45, 2552
01-Nov-22_45, 2541
01-Nov-22_46, 2443
01-Nov-22_46, 2376
01-Nov-22_46, 2491
01-Nov-22_46, 2446
01-Nov-22_46, 2586
01-Nov-22_46, 2452
01-Nov-22_46, 2508
01-Nov-22_46, 2478
01-Nov-22_46, 2438
01-Nov-22_46, 2562
01-Nov-22_46, 2446
01-Nov-22_46, 2441
01-Nov-22_46, 2466
01-Nov-22_46, 2572
01-Nov-22_46, 2544
01-Nov-22_46, 2426
01-Nov-22_46, 2548
01-Nov-22_46, 2540
01-Nov-22_47, 2450
01-Nov-22_47, 2495
01-Nov-22_47, 2370
01-Nov-22_47, 2466
01-Nov-22_47, 2443
01-Nov-22_47, 2453
01-Nov-22_47, 2451
01-Nov-22_47, 2602
01-Nov-22_47, 2437
01-Nov-22_47, 2466
01-Nov-22_47, 2459
01-Nov-22_47, 2588
01-Nov-22_47, 2368
01-Nov-22_47, 2442
01-Nov-22_47, 2512
01-Nov-22_47, 2440
01-Nov-22_47, 2601
01-Nov-22_48, 2423
01-Nov-22_48, 2437
01-Nov-22_48, 2413
01-Nov-22_48, 2358
01-Nov-22_48, 2460
01-Nov-22_48, 2455
01-Nov-22_48, 2549
01-Nov-22_48, 2436
01-Nov-22_48, 2451
01-Nov-22_48, 2428
01-Nov-22_48, 2539
01-Nov-22_48, 2545
01-Nov-22_48, 2440
01-Nov-22_48, 2553
01-Nov-22_48, 2530
01-Nov-22_48, 2442
01-Nov-22_48, 2428
01-Nov-22_49, 2431
01-Nov-22_49, 2543
01-Nov-22_49, 2435
01-Nov-22_49, 2546
01-Nov-22_49, 2540
01-Nov-22_49, 2504
01-Nov-22_49, 2391
01-Nov-22_49, 2447
01-Nov-22_49, 2452
01-Nov-22_49, 2533
01-Nov-22_49, 2444
01-Nov-22_49, 2434
01-Nov-22_49, 2435
01-Nov-22_49, 2457
01-Nov-22_49, 2436
01-Nov-22_49, 2461
01-Nov-22_49, 2533
01-Nov-22_50, 2440
01-Nov-22_50, 2443
01-Nov-22_50, 2369
01-Nov-22_50, 2439
01-Nov-22_50, 2553
01-Nov-22_50, 2500
01-Nov-22_50, 2508
01-Nov-22_50, 2460
01-Nov-22_50, 2452
01-Nov-22_50, 2674
01-Nov-22_50, 2509
01-Nov-22_50, 2462
01-Nov-22_50, 2553
01-Nov-22_50, 2530
01-Nov-22_50, 2775
01-Nov-22_50, 2526
01-Nov-22_50, 2563
01-Nov-22_51, 2547
01-Nov-22_51, 2501
01-Nov-22_51, 2536
01-Nov-22_51, 2526
01-Nov-22_51, 2546
01-Nov-22_51, 2494
01-Nov-22_51, 2545
01-Nov-22_51, 2386
01-Nov-22_51, 2492
01-Nov-22_51, 2573
01-Nov-22_51, 2605
01-Nov-22_51, 2470
01-Nov-22_51, 2454
01-Nov-22_51, 2547
01-Nov-22_51, 2551
01-Nov-22_51, 2535
01-Nov-22_51, 2522
01-Nov-22_52, 2559
01-Nov-22_52, 2601
01-Nov-22_52, 2500
01-Nov-22_52, 2586
01-Nov-22_52, 2539
01-Nov-22_52, 2822
01-Nov-22_52, 2546
01-Nov-22_52, 2548
01-Nov-22_52, 2577
01-Nov-22_52, 2565
01-Nov-22_52, 2570
01-Nov-22_52, 2569
01-Nov-22_52, 2431
01-Nov-22_52, 2441
01-Nov-22_52, 2667
01-Nov-22_52, 2558
01-Nov-22_52, 2540
01-Nov-22_53, 2539
01-Nov-22_53, 2582
01-Nov-22_53, 2663
01-Nov-22_53, 2531
01-Nov-22_53, 2542
01-Nov-22_53, 2791
01-Nov-22_53, 2469
01-Nov-22_53, 2543
01-Nov-22_53, 2548
01-Nov-22_53, 2568
01-Nov-22_53, 2506
01-Nov-22_53, 2576
01-Nov-22_53, 2584
01-Nov-22_53, 2558
01-Nov-22_53, 2643
01-Nov-22_53, 2560
01-Nov-22_53, 2371
01-Nov-22_54, 2758
01-Nov-22_54, 2735
01-Nov-22_54, 2557
01-Nov-22_54, 2537
01-Nov-22_54, 2527
01-Nov-22_54, 2636
01-Nov-22_54, 2553
01-Nov-22_54, 2567
01-Nov-22_54, 2532
01-Nov-22_54, 2628
01-Nov-22_54, 2492
01-Nov-22_54, 2553
01-Nov-22_54, 2559
01-Nov-22_54, 2477
01-Nov-22_54, 2598
01-Nov-22_54, 2535
01-Nov-22_54, 2558
01-Nov-22_55, 2563
01-Nov-22_55, 2513
01-Nov-22_55, 2592
01-Nov-22_55, 2533
01-Nov-22_55, 2537
01-Nov-22_55, 2477
01-Nov-22_55, 2556
01-Nov-22_55, 2553
01-Nov-22_55, 2616
01-Nov-22_55, 2642
01-Nov-22_55, 2596
01-Nov-22_55, 2557
01-Nov-22_55, 2455
01-Nov-22_55, 2603
01-Nov-22_55, 2565
01-Nov-22_55, 2630
01-Nov-22_56, 2660
01-Nov-22_56, 2642
01-Nov-22_56, 2533
01-Nov-22_56, 2529
01-Nov-22_56, 2469
01-Nov-22_56, 2573
01-Nov-22_56, 2477
01-Nov-22_56, 2534
01-Nov-22_56, 2537
01-Nov-22_56, 2452
01-Nov-22_56, 2536
01-Nov-22_56, 2618
01-Nov-22_56, 2541
01-Nov-22_56, 2536
01-Nov-22_56, 2564
01-Nov-22_56, 2527
01-Nov-22_56, 2576
01-Nov-22_57, 2543
01-Nov-22_57, 2533
01-Nov-22_57, 2476
01-Nov-22_57, 2546
01-Nov-22_57, 2546
01-Nov-22_57, 2554
01-Nov-22_57, 2656
01-Nov-22_57, 2555
01-Nov-22_57, 2465
01-Nov-22_57, 2533
01-Nov-22_57, 2620
01-Nov-22_57, 2567
01-Nov-22_57, 2533
01-Nov-22_57, 2469
01-Nov-22_57, 2603
01-Nov-22_57, 2538
01-Nov-22_57, 2527
01-Nov-22_58, 2524
01-Nov-22_58, 2529
01-Nov-22_58, 2479
01-Nov-22_58, 2567
01-Nov-22_58, 2490
01-Nov-22_58, 2570
01-Nov-22_58, 2520
01-Nov-22_58, 2524
01-Nov-22_58, 2495
01-Nov-22_58, 2529
01-Nov-22_58, 2538
01-Nov-22_58, 2545
01-Nov-22_58, 2535
01-Nov-22_58, 2375
01-Nov-22_58, 2556
01-Nov-22_58, 2524
01-Nov-22_58, 2542
01-Nov-22_59, 2525
01-Nov-22_59, 2526
01-Nov-22_59, 2531
01-Nov-22_59, 2555
01-Nov-22_59, 2531
01-Nov-22_59, 2570
01-Nov-22_59, 2575
01-Nov-22_59, 2653
01-Nov-22_59, 2542
01-Nov-22_59, 2539
01-Nov-22_59, 2672
01-Nov-22_59, 2530
01-Nov-22_59, 2490
01-Nov-22_59, 2516
01-Nov-22_59, 2547
01-Nov-22_59, 2479
01-Nov-22_59, 2547
01-Nov-23_00, 2494
01-Nov-23_00, 2552
01-Nov-23_00, 2552
01-Nov-23_00, 2555
01-Nov-23_00, 2535
01-Nov-23_00, 2538
01-Nov-23_00, 2537
01-Nov-23_00, 2569
01-Nov-23_00, 2640
01-Nov-23_00, 2547
01-Nov-23_00, 2535
01-Nov-23_00, 2494
01-Nov-23_00, 2528
01-Nov-23_00, 2560
01-Nov-23_00, 2478
01-Nov-23_00, 2585
01-Nov-23_00, 2565
01-Nov-23_01, 2547
01-Nov-23_01, 2504
01-Nov-23_01, 2569
01-Nov-23_01, 2537
01-Nov-23_01, 2539
01-Nov-23_01, 2555
01-Nov-23_01, 2592
01-Nov-23_01, 2550
01-Nov-23_01, 2603
01-Nov-23_01, 2486
01-Nov-23_01, 2541
01-Nov-23_01, 2529
01-Nov-23_01, 2544
01-Nov-23_01, 2488
01-Nov-23_01, 2538
01-Nov-23_01, 2548
01-Nov-23_01, 2478
01-Nov-23_02, 2549
01-Nov-23_02, 2600
01-Nov-23_02, 2527
01-Nov-23_02, 2555
01-Nov-23_02, 2547
01-Nov-23_02, 2469
01-Nov-23_02, 2637
01-Nov-23_02, 2480
01-Nov-23_02, 2644
01-Nov-23_02, 2463
01-Nov-23_02, 2650
01-Nov-23_02, 2454
01-Nov-23_02, 2475
01-Nov-23_02, 2642
01-Nov-23_02, 2656
01-Nov-23_02, 2635
01-Nov-23_03, 2689
01-Nov-23_03, 2687
01-Nov-23_03, 2604
01-Nov-23_03, 2564
01-Nov-23_03, 2589
01-Nov-23_03, 2582
01-Nov-23_03, 2471
01-Nov-23_03, 2627
01-Nov-23_03, 2556
01-Nov-23_03, 2524
01-Nov-23_03, 2497
01-Nov-23_03, 2515
01-Nov-23_03, 2546
01-Nov-23_03, 2521
01-Nov-23_03, 2547
01-Nov-23_03, 2539
01-Nov-23_03, 2544
01-Nov-23_04, 2588
01-Nov-23_04, 2543
01-Nov-23_04, 2520
01-Nov-23_04, 2557
01-Nov-23_04, 2535
01-Nov-23_04, 2556
01-Nov-23_04, 2531
01-Nov-23_04, 2466
01-Nov-23_04, 2638
01-Nov-23_04, 2587
01-Nov-23_04, 2553
01-Nov-23_04, 2533
01-Nov-23_04, 2588
01-Nov-23_04, 2555
01-Nov-23_04, 2544
01-Nov-23_04, 2639
01-Nov-23_04, 2469
01-Nov-23_05, 2473
01-Nov-23_05, 2528
01-Nov-23_05, 2554
01-Nov-23_05, 2582
01-Nov-23_05, 2544
01-Nov-23_05, 2552
01-Nov-23_05, 2470
01-Nov-23_05, 2635
01-Nov-23_05, 2545
01-Nov-23_05, 2531
01-Nov-23_05, 2549
01-Nov-23_05, 2641
01-Nov-23_05, 2556
01-Nov-23_05, 2543
01-Nov-23_05, 2534
01-Nov-23_05, 2534
01-Nov-23_05, 2574
01-Nov-23_06, 2524
01-Nov-23_06, 2549
01-Nov-23_06, 2452
01-Nov-23_06, 2579
01-Nov-23_06, 2572
01-Nov-23_06, 2543
01-Nov-23_06, 2563
01-Nov-23_06, 2545
01-Nov-23_06, 2465
01-Nov-23_06, 2644
01-Nov-23_06, 2650
01-Nov-23_06, 2579
01-Nov-23_06, 2539
01-Nov-23_06, 2605
01-Nov-23_06, 2514
01-Nov-23_06, 2641
01-Nov-23_06, 2577
01-Nov-23_07, 2552
01-Nov-23_07, 2460
01-Nov-23_07, 2554
01-Nov-23_07, 2523
01-Nov-23_07, 2537
01-Nov-23_07, 2570
01-Nov-23_07, 2481
01-Nov-23_07, 2484
01-Nov-23_07, 2588
01-Nov-23_07, 2481
01-Nov-23_07, 2482
01-Nov-23_07, 2529
01-Nov-23_07, 2528
01-Nov-23_07, 2561
01-Nov-23_07, 2539
01-Nov-23_07, 2528
01-Nov-23_07, 2661
01-Nov-23_08, 2472
01-Nov-23_08, 2562
01-Nov-23_08, 2548
01-Nov-23_08, 2469
01-Nov-23_08, 2558
01-Nov-23_08, 2553
01-Nov-23_08, 2578
01-Nov-23_08, 2593
01-Nov-23_08, 2526
01-Nov-23_08, 2531
01-Nov-23_08, 2533
01-Nov-23_08, 2470
01-Nov-23_08, 2717
01-Nov-23_08, 2479
01-Nov-23_08, 2645
01-Nov-23_08, 2534
01-Nov-23_08, 2563
01-Nov-23_09, 2529
01-Nov-23_09, 2528
01-Nov-23_09, 2641
01-Nov-23_09, 2560
01-Nov-23_09, 2541
01-Nov-23_09, 2534
01-Nov-23_09, 2561
01-Nov-23_09, 2521
01-Nov-23_09, 2544
01-Nov-23_09, 2528
01-Nov-23_09, 2573
01-Nov-23_09, 2460
01-Nov-23_09, 2529
01-Nov-23_09, 2544
01-Nov-23_09, 2553
01-Nov-23_09, 2536
01-Nov-23_10, 2551
01-Nov-23_10, 2552
01-Nov-23_10, 2629
01-Nov-23_10, 2554
01-Nov-23_10, 2655
01-Nov-23_10, 2448
01-Nov-23_10, 2525
01-Nov-23_10, 2527
01-Nov-23_10, 2542
01-Nov-23_10, 2615
01-Nov-23_10, 2553
01-Nov-23_10, 2628
01-Nov-23_10, 2557
01-Nov-23_10, 2566
01-Nov-23_10, 2574
01-Nov-23_10, 2524
01-Nov-23_10, 2774
01-Nov-23_11, 2498
01-Nov-23_11, 2583
01-Nov-23_11, 2545
01-Nov-23_11, 2677
01-Nov-23_11, 2518
01-Nov-23_11, 2525
01-Nov-23_11, 2518
01-Nov-23_11, 2533
01-Nov-23_11, 2535
01-Nov-23_11, 2540
01-Nov-23_11, 2548
01-Nov-23_11, 2538
01-Nov-23_11, 2455
01-Nov-23_11, 2536
01-Nov-23_11, 2547
01-Nov-23_11, 2560
01-Nov-23_11, 2513
01-Nov-23_12, 2541
01-Nov-23_12, 2522
01-Nov-23_12, 2541
01-Nov-23_12, 2641
01-Nov-23_12, 2465
01-Nov-23_12, 2449
01-Nov-23_12, 2523
01-Nov-23_12, 2546
01-Nov-23_12, 2538
01-Nov-23_12, 2468
01-Nov-23_12, 2546
01-Nov-23_12, 2529
01-Nov-23_12, 2538
01-Nov-23_12, 2540
01-Nov-23_12, 2547
01-Nov-23_12, 2528
01-Nov-23_12, 2579
01-Nov-23_13, 2529
01-Nov-23_13, 2539
01-Nov-23_13, 2541
01-Nov-23_13, 2472
01-Nov-23_13, 2533
01-Nov-23_13, 2539
01-Nov-23_13, 2548
01-Nov-23_13, 2536
01-Nov-23_13, 2528
01-Nov-23_13, 2551
01-Nov-23_13, 2523
01-Nov-23_13, 2542
01-Nov-23_13, 2549
01-Nov-23_13, 2539
01-Nov-23_13, 2520
01-Nov-23_13, 2529
01-Nov-23_13, 2568
01-Nov-23_14, 2532
01-Nov-23_14, 2460
01-Nov-23_14, 2559
01-Nov-23_14, 2535
01-Nov-23_14, 2552
01-Nov-23_14, 2535
01-Nov-23_14, 2537
01-Nov-23_14, 2465
01-Nov-23_14, 2543
01-Nov-23_14, 2453
01-Nov-23_14, 2542
01-Nov-23_14, 2457
01-Nov-23_14, 2532
01-Nov-23_14, 2510
01-Nov-23_14, 2549
01-Nov-23_14, 2517
01-Nov-23_14, 2536
01-Nov-23_15, 2538
01-Nov-23_15, 2552
01-Nov-23_15, 2529
01-Nov-23_15, 2501
01-Nov-23_15, 2451
07-Nov-14_20, 
07-Nov-14_21, 
